{"keyset":{"lweSecretKeys":[{"id":0,"params":{"lweDimension":2048,"integerPrecision":64,"keyType":"binary"}},{"id":1,"params":{"lweDimension":757,"integerPrecision":64,"keyType":"binary"}},{"id":2,"params":{"lweDimension":802,"integerPrecision":64,"keyType":"binary"}},{"id":3,"params":{"lweDimension":2048,"integerPrecision":64,"keyType":"binary"}},{"id":4,"params":{"lweDimension":864,"integerPrecision":64,"keyType":"binary"}},{"id":5,"params":{"lweDimension":8192,"integerPrecision":64,"keyType":"binary"}}],"lweBootstrapKeys":[{"id":0,"inputId":1,"outputId":0,"params":{"levelCount":2,"baseLog":15,"glweDimension":2,"polynomialSize":1024,"variance":9.9409770026943975e-32,"integerPrecision":64,"modulus":{"modulus":{"native":{}}},"keyType":"binary","inputLweDimension":757},"compression":"none"},{"id":1,"inputId":2,"outputId":3,"params":{"levelCount":2,"baseLog":15,"glweDimension":1,"polynomialSize":2048,"variance":9.9409770026943975e-32,"integerPrecision":64,"modulus":{"modulus":{"native":{}}},"keyType":"binary","inputLweDimension":802},"compression":"none"},{"id":2,"inputId":4,"outputId":5,"params":{"levelCount":1,"baseLog":22,"glweDimension":1,"polynomialSize":8192,"variance":4.70197740328915e-38,"integerPrecision":64,"modulus":{"modulus":{"native":{}}},"keyType":"binary","inputLweDimension":864},"compression":"none"}],"lweKeyswitchKeys":[{"id":0,"inputId":0,"outputId":1,"params":{"levelCount":5,"baseLog":3,"variance":4.7001585522358518e-11,"integerPrecision":64,"modulus":{"modulus":{"native":{}}},"keyType":"binary","inputLweDimension":2048,"outputLweDimension":757},"compression":"none"},{"id":1,"inputId":0,"outputId":2,"params":{"levelCount":5,"baseLog":3,"variance":8.94254769969268e-12,"integerPrecision":64,"modulus":{"modulus":{"native":{}}},"keyType":"binary","inputLweDimension":2048,"outputLweDimension":802},"compression":"none"},{"id":2,"inputId":3,"outputId":0,"params":{"levelCount":1,"baseLog":25,"variance":9.9409770026943975e-32,"integerPrecision":64,"modulus":{"modulus":{"native":{}}},"keyType":"binary","inputLweDimension":2048,"outputLweDimension":2048},"compression":"none"},{"id":3,"inputId":0,"outputId":4,"params":{"levelCount":9,"baseLog":2,"variance":9.0900023849594232e-13,"integerPrecision":64,"modulus":{"modulus":{"native":{}}},"keyType":"binary","inputLweDimension":2048,"outputLweDimension":864},"compression":"none"}],"packingKeyswitchKeys":[]},"circuits":[{"inputs":[{"rawInfo":{"shape":{"dimensions":[16,2049]},"integerPrecision":64,"isSigned":false},"typeInfo":{"lweCiphertext":{"abstractShape":{"dimensions":[16]},"concreteShape":{"dimensions":[16,2049]},"integerPrecision":64,"encryption":{"keyId":0,"variance":9.9409770026943975e-32,"lweDimension":2048,"modulus":{"modulus":{"native":{}}}},"compression":"none","encoding":{"integer":{"width":7,"isSigned":false,"mode":{"native":{}}}}}}}],"outputs":[{"rawInfo":{"shape":{"dimensions":[8193]},"integerPrecision":64,"isSigned":false},"typeInfo":{"lweCiphertext":{"abstractShape":{"dimensions":[]},"concreteShape":{"dimensions":[8193]},"integerPrecision":64,"encryption":{"keyId":5,"variance":4.70197740328915e-38,"lweDimension":8192,"modulus":{"modulus":{"native":{}}}},"compression":"none","encoding":{"integer":{"width":1,"isSigned":false,"mode":{"native":{}}}}}}}],"name":"main"}]}